Statistic,DreamerV2
Median,0.023646169299999797
Mean,0.30461439664686646
